maize_crop_yield,VAR,WMG,SWD,REP,ND2SE,SC8,SC9,SC10,WD3WAS,WD6WAS,WD9WAS,WDW3WAS,WDW6WAS,WDW9WAS,PLTHT3,PLTH6,PLTH9,LA3,LA6,LA9,LAI3,LAI6,LAI9,50%TASSEL,50%SILK,CobL,CobD,Nokelrwcob,NoGrnRow,NoGperCob,CobWgt,1000GWgt,GY
1,1,1,1,1,37,1,11,12,85,96,150,65.3,68.1,85.2,30.7,100,119.3,33.9,236.5,500,0.009,0.0631,0.1143,59,63,12.2,3.7,13,29,383,1138.15,188.8,737.55
1,1,1,1,2,40,1,7,17,60,124,193,43.6,59.54,193.1,28.3,98.1,153.3,28.5,283.7,381.3,0.0076,0.0757,0.1017,59,63,15.2,3.7,13,29,392,1708.62,150,1189.45
1,1,1,1,3,61,1,2,5,40,61,153,18,24.28,180,31.8,80.3,85.3,46.4,310.9,418.8,0.0093,0.0622,0.1117,58,63,15.2,3.7,13,33,420,1033.87,187,877.08
1,1,1,2,1,48,10,21,33,21,50,100,4.1,8.6,200,37.6,102.8,171.2,51.3,247.9,580.7,0.0137,0.0661,0.1549,60,64,13.2,3.8,13,23,307,2083.33,156.5,1416.67
1,1,1,2,2,48,15,23,45,72,87,97,75.66,95.34,101.4,47.2,112.7,181.9,72,334.2,456.9,0.0192,0.0891,0.1218,60,64,14.3,3.8,14,31,429,2476.67,209.5,1715
1,1,1,2,3,33,12,14,33,68,85,127,13.9,30.6,120,41.6,66.4,135.9,92.5,106.1,503.7,0.0185,0.0283,0.1343,59,63,13.5,3.8,14,29,351,2250,180,1583.33
1,1,1,3,1,41,56,103,130,70,74,106,14.8,52.2,71,36.1,110.6,134.3,26.6,285.1,405.7,0.0071,0.076,0.1082,56,61,14,3.2,10,26,260,2000,164,1333.33
1,1,1,3,2,43,58,108,142,76,120,135,16.5,73.2,87.2,32.3,101.5,151,48.4,231.9,370.8,0.0129,0.0618,0.0989,56,60,14.2,3.4,10,28,280,3000,183,1740
1,1,1,3,3,40,8,20,50,70,92,129,3.87,13.33,88.02,33.6,113.6,136.5,40.9,241.6,385.6,0.0109,0.0643,0.1028,55,61,15,3.6,11,30,330,2000,172,1166.67
1,1,2,1,1,58,1,3,7,47,50,56,1.73,4.2,36.3,43.1,127,166.1,69.6,411.2,722.3,0.0186,0.1096,0.1926,54,59,19,4.6,13,37,491,5980.5,286,4491.73
1,1,2,1,2,55,7,10,21,30,50,91,1.02,8.18,12.6,39.5,111,158,66,354.6,587.3,0.0176,0.0946,0.1566,58,61,17.8,4.7,15,42,625,4310.1,213.5,3184.55
1,1,2,1,3,48,3,13,16,36,40,43,1.92,3.8,29.6,49,139.6,182.9,85.2,506.6,661.6,0.0227,0.1351,0.1764,54,59,15.3,4.4,14,28,398,2261.78,181,1708.67
1,1,2,2,1,48,3,8,19,30,49,79,3.4,4.3,19.8,45.4,120.4,183.8,69.3,243,565.7,0.0185,0.0648,0.1509,55,61,17.8,4.3,13,38,512,6000,228,4166.67
1,1,2,2,2,50,5,8,12,68,85,149,7.64,18.3,85.2,44,100.2,177.6,55.8,167.4,517.3,0.0149,0.0446,0.1379,55,61,17,4.2,13,38,504,5500,249,4333.33
1,1,2,2,3,50,8,15,21,61,65,70,12.14,18.3,33.6,45.7,115.3,178.1,60.8,298.9,529.5,0.0162,0.0797,0.1412,54,63,17.5,4.6,15,39,600,6063.33,257.5,4500
1,1,2,3,1,43,12,38,39,53,63,64,3.92,4.1,54.8,30.6,100.2,173.9,94.8,211.1,416.9,0.0253,0.0563,0.1112,56,59,14,3.8,12,33,396,3666.67,168,2666.67
1,1,2,3,2,45,5,9,17,35,54,82,2.14,3.58,57.98,37.4,104.8,159.9,39.4,226.9,456.8,0.0105,0.0605,0.1218,54,57,15.2,4,13,35,448,3333.33,156,2133.33
1,1,2,3,3,42,10,18,25,37,40,84,8.88,17.83,51.34,23.8,75.2,133,13.4,154,400,0.0036,0.0411,0.1111,52,58,16,4.2,13,37,492,3166.67,153,2000
1,1,3,1,1,58,1,3,4,30,31,63,0.43,18.8,26.5,41.1,118,191.1,56.7,346.8,727.7,0.0151,0.0925,0.1941,56,59,18,4.5,13,41,544,5451.55,253,4138.05
1,1,3,1,2,40,1,7,12,42,52,63,0.03,11.24,50.3,34.8,99.4,155.3,91.5,335.2,521.8,0.0244,0.0894,0.1391,54,59,17.5,4.5,14,39,449,3864.02,229,2824.3
1,1,3,1,3,56,1,7,10,29,34,39,9.44,33.33,40.1,38.6,106.8,163.4,70.2,463.1,527.7,0.0187,0.1235,0.1407,56,60,17.8,4.7,17,36,623,4549.85,287,3309.98
1,1,3,2,1,48,19,32,52,34,49,68,1.6,2.5,29.6,41.8,114.5,183.1,58.9,274.9,448.6,0.0157,0.0733,0.1196,59,64,15.8,4,13,33,436,2888.33,193.5,1888.33
1,1,3,2,2,48,15,25,47,24,96,116,0.98,21.7,62.4,35.3,104.6,178,40.7,342.7,679.7,0.0109,0.0914,0.1813,59,64,16.7,4.3,13,34,452,5445,196,3333.33
1,1,3,2,3,50,12,20,37,29,38,44,6.06,12.7,18.5,40,90,165,68.9,174.7,500,0.0138,0.0466,0.1211,56,61,16,4.1,13,34,450,4166.67,214,3500
1,1,3,3,1,52,12,37,49,65,67,81,1.8,13.4,35.6,29.7,89,160.1,19.6,183.5,440.6,0.0052,0.0489,0.1175,55,58,13,3.5,12,32,394,3333.33,173,1253.3
1,1,3,3,2,50,3,32,40,58,84,141,8.34,23.98,38.48,40.4,118.8,181,40.8,254.5,596.7,0.0109,0.0679,0.1591,54,58,14,3.7,13,34,452,3111.17,168,1356.7
1,1,3,3,3,54,4,10,12,20,45,48,0.2,5.29,31.45,41.2,111.6,200.8,34.3,312.8,604.6,0.0091,0.0834,0.1612,54,58,15,4,14,36,497,3000,162,1215
1,1,4,1,1,60,1,2,4,32,147,13,0.77,31.77,1.3,36.2,86.7,138.4,52.9,208.7,596.4,0.0141,0.0556,0.159,56,60,19.3,4.8,14,36,497,4764.12,260.5,2499.43
1,1,4,1,2,56,1,5,6,48,93,19,0.42,2.8,2.5,40,109.6,153.2,144.9,370.7,565.1,0.0386,0.0989,0.1507,56,59,17.8,4,13,35,451,5615.6,276,4242.2
1,1,4,1,3,71,1,1,2,18,23,10,0.26,15.28,0.76,42.8,119.5,171,74.4,440.2,665.9,0.0198,0.1174,0.1776,57,61,18,4.2,14,40,590,5000,205,4333.33
1,1,4,2,1,48,10,23,47,43,126,15,0.97,9,2.11,47.1,113.4,158.5,56.6,305.1,467.4,0.0151,0.0814,0.1246,54,59,15.9,4.2,13,34,440,5333.33,251.6,4916.67
1,1,4,2,2,40,4,9,12,20,56,20,0.94,2.08,2.6,40.7,98.4,158.5,54.5,254.1,474.5,0.0145,0.0678,0.1265,56,62,15.8,4,13,32,423,3333.33,214.5,2333.33
1,1,4,2,3,50,6,10,19,39,56,12,1.31,14.3,1.12,47.5,133.9,170,57.1,382.9,530,0.0152,0.1021,0.1222,55,63,17,4.7,15,38,581,7810,302.5,5333.33
1,1,4,3,1,53,1,1,2,34,56,10,2.8,3.88,0.82,47.5,106.5,164.7,62.4,283.9,485.9,0.0166,0.0757,0.1296,54,57,14.5,3.6,11,27,297,2666.67,180,1500
1,1,4,3,2,50,1,1,1,38,42,17,0.49,2.3,2.62,32.7,109.2,164.7,41.8,244.5,485.3,0.0111,0.0652,0.1294,54,57,15.5,3.9,12,29,348,2400,177,1333.33
1,1,4,3,3,50,1,1,2,26,67,10,0.57,10.16,1.86,37.7,108.4,188.6,26.3,453.6,588.7,0.007,0.121,0.157,54,58,16.5,4.1,13,31,403,2000,170,1666.67
1,2,1,1,1,37,10,23,34,24,52,100,3.84,41.4,151.7,41,108.3,144.3,60.9,300,568.8,0.0162,0.08,0.1517,59,63,15,3.9,13,31,407,3135.2,234,2654.92
1,2,1,1,2,40,8,28,34,86,126,164,138.35,186.43,200.5,45,114.9,172.2,125.8,272.2,526.6,0.0053,0.0326,0.1114,59,62,15.2,4.1,15,29,435,1768.43,168.5,1248.45
1,2,1,1,3,35,6,13,17,35,66,116,35.79,95.92,163.2,51.1,129.3,168,40.6,319,468,0.0204,0.0852,0.0951,58,63,17,3.7,11,37,413,3745.78,297,2715.82
1,2,1,2,1,48,18,31,61,47,51,64,1.23,40.95,89.98,44.3,112.3,182.5,63.5,222.1,393.6,0.0169,0.0592,0.105,60,64,13,3.7,14,24,334,2266.67,196,1500
1,2,1,2,2,48,13,21,37,72,150,182,18.15,141.82,173.4,55.2,138.9,229.4,77.2,264.4,519.4,0.0206,0.0705,0.1385,60,65,15.3,3.8,13,29,388,4166.67,250.5,2833.33
1,2,1,2,3,48,15,26,49,85,110,140,131.82,146.3,160,42.5,90.4,176.5,59.5,277.3,525.2,0.0159,0.0739,0.1401,57,65,14.2,3.7,14,27,349,2633.33,183,2166.67
1,2,1,3,1,41,91,133,156,28,47,128,16.2,29.2,105.6,42.2,115.1,163.5,56.2,344.1,437.9,0.015,0.0918,0.1168,56,61,9.8,3.1,12,25,300,1666.67,158,760
1,2,1,3,2,40,80,133,160,41,72,120,14.8,11.6,95.6,42.6,129.9,180,63,332.5,465.5,0.0168,0.0887,0.1241,56,60,10,3.3,13,27,351,1911.17,176,1136.7
1,2,1,3,3,45,15,54,104,107,161,170,15.39,81.53,120,48.8,131.3,191,57.1,322.2,423,0.0152,0.0765,0.1231,54,60,11,3.5,14,29,406,2000,160,996.7
1,2,2,1,1,55,30,41,49,29,39,40,0.35,15.6,21.5,56.2,142.6,208.5,101,375.9,663.4,0.0269,0.1002,0.1769,54,58,19.3,4.8,16,39,625,6499.03,286,4936.48
1,2,2,1,2,45,1,6,25,42,48,54,14.23,45.86,85.1,47.2,119.8,173.3,169.7,328,525.9,0.0453,0.0875,0.1402,55,60,17.8,4.5,15,48,535,5487.8,277,4028.9
1,2,2,1,3,57,7,20,22,38,43,60,1.41,62.39,142.38,45.8,116.1,186.5,57.7,543.1,609.1,0.0154,0.1448,0.1624,56,59,18.3,4.3,13,37,500,5524.43,295.5,4105.9
1,2,2,2,1,41,50,93,138,36,39,46,1.13,3.77,21.95,49.7,124.4,202.1,74.5,285.2,635.2,0.0199,0.076,0.1694,54,59,18,4.2,13,35,462,4915,273.5,3333.33
1,2,2,2,2,44,10,15,25,37,81,125,10.3,20.3,54.6,51.2,118.9,180,82.1,219.6,500,0.0219,0.0586,0.1231,54,61,18.3,4.4,13,36,488,4615,241.5,3795
1,2,2,2,3,48,17,29,40,43,60,77,2.5,17.3,36.4,56.1,144.7,199.3,88,432.3,582.9,0.0235,0.1153,0.1554,54,61,17.5,4.1,13,36,479,4363.33,240,3151.67
1,2,2,3,1,41,21,63,63,35,37,70,14.8,16.14,25.1,45,123,161.8,40.7,333,505.9,0.0109,0.0861,0.1349,53,57,16,3.8,12,38,456,5166.67,230,3666.67
1,2,2,3,2,40,50,130,141,39,87,98,1.3,13.56,33.2,42,123.7,173.6,50.6,314.6,451.8,0.0135,0.0839,0.1205,53,56,17,4,13,34,446,4933.33,227.5,3600
1,2,2,3,3,42,8,88,141,27,35,56,2.29,10.13,22.85,41.3,128.1,199.8,49.3,288.7,562.9,0.0132,0.0769,0.1501,54,58,18,4.2,14,36,504,4500,220,3333.33
1,2,3,1,1,57,17,19,20,19,23,40,0.51,7.21,13.5,47.6,107.6,167.5,85.4,267.1,613.4,0.0228,0.0712,0.1636,56,61,15.5,4.6,15,31,479,3616.65,202,2651.85
1,2,3,1,2,49,8,41,42,54,55,74,15.06,27.39,42.1,47.8,132.2,203.1,159.7,379.3,609.4,0.0426,0.1012,0.1625,54,59,19.5,4.4,13,34,456,4167.53,264.5,2957.12
1,2,3,1,3,54,8,10,11,35,42,89,10.52,29.17,59.17,40.3,128.8,209.5,57.1,448.1,728.4,0.0152,0.1195,0.1943,57,61,18.7,4.5,14,35,497,6511.05,327,4757.17
1,2,3,2,1,39,85,170,253,31,47,83,0.94,8.33,9,54.4,105,201.3,66.7,215.5,535.8,0.0178,0.0575,0.1429,54,61,15.3,4.2,13,30,373,5200,223.5,3600
1,2,3,2,2,48,70,113,168,37,96,105,1.14,25.5,49.45,48.5,119.8,160.3,76.1,387.1,559.5,0.0203,0.1032,0.1492,54,61,17.8,4.2,13,38,509,4666.67,253,3046.67
1,2,3,2,3,35,60,93,107,34,50,59,0.73,8.65,13.5,53.7,144.3,185,95.4,277.9,610,0.0254,0.0741,0.1355,54,61,15.3,3.9,13,28,359,4833.33,229,3333.33
1,2,3,3,1,39,22,46,62,36,59,61,0.57,1.46,12.5,30.2,73.5,178.7,24.1,238.7,450.7,0.0064,0.0636,0.1202,56,59,15,3.9,10,39,390,3833.33,200,2166.67
1,2,3,3,2,38,28,66,85,38,95,143,0.65,21.66,32.8,36.6,131.1,184.5,46.9,326.6,570.8,0.0125,0.0871,0.1522,54,58,16.3,4,11,41,451,3555,193,2000
1,2,3,3,3,45,50,104,106,30,50,85,1.25,10.54,19.13,52.4,172,244.8,57.7,463.3,707.9,0.0154,0.1236,0.1889,51,56,17,4.2,12,43,516,3333.33,189,2000
1,2,4,1,1,57,2,14,25,52,105,16,0.77,16.4,2.11,50.8,128.1,183.3,87.2,367.9,750.3,0.0233,0.0981,0.2001,56,59,21.5,4.4,15,42,627,4088.23,251.5,4607.85
1,2,4,1,2,49,32,60,77,34,94,17,11.65,20.8,3.6,51.2,125.7,175.9,206.7,418.1,628.4,0.0551,0.1115,0.1676,54,59,17.3,4.2,14,35,485,4843.07,250.1,3593.53
1,2,4,1,3,56,1,6,19,24,114,7,1.82,18.08,9.64,51.6,125.5,190.5,69.4,419.6,593.8,0.0135,0.119,0.1583,55,59,18.8,4.4,14,38,532,5403.5,272.5,3986.5
1,2,4,2,1,41,7,18,38,36,114,8,1.75,14.1,4.07,50.4,115.2,186,67.6,258,441.2,0.018,0.0688,0.1177,54,59,14.5,4.2,15,31,449,2666.67,248,1808.33
1,2,4,2,2,40,15,30,59,40,71,88,2,30.77,47.6,52.8,121.7,197.7,91,271.7,631.2,0.0243,0.0725,0.1683,54,61,18.2,4.6,14,32,453,5333.33,269,3750
1,2,4,2,3,48,25,52,90,36,70,10,1.18,8.65,0.94,51,143.2,215.8,72.7,327.9,580.8,0.0194,0.0874,0.1549,54,61,18.2,4.6,15,37,585,5000,279,3888.33
1,2,4,3,1,45,1,1,2,18,57,8,2,17.03,11.6,44,138.9,190.1,36,348.2,472.5,0.0096,0.093,0.126,54,57,13.8,4,12,30,369,3833.33,210,2666.67
1,2,4,3,2,39,1,2,7,16,69,14,4.97,14.38,4.98,36.8,143.9,200.7,60.7,350,752.2,0.0162,0.0933,0.2006,54,57,14.6,4.2,13,33,435,3500,201.5,2583.33
1,2,4,3,3,43,1,1,2,50,57,15,0.68,4.09,2.36,46.1,125.3,132.7,41.4,284.2,540.4,0.011,0.0758,0.1441,54,58,15.5,4.4,14,34,469,3166.67,198,2333.33
1,3,1,1,1,37,6,7,15,65,69,94,1.18,123.24,145.8,33.7,94.6,133.8,41.4,235.3,569.6,0.011,0.0628,0.1519,58,64,12.7,3.5,15,29,423,984.52,155.5,747.7
1,3,1,1,2,40,1,2,10,97,155,183,55.64,81.71,183.6,37.7,109.1,147.8,103.2,252.2,432.9,0.0275,0.0673,0.1154,58,63,15,3.9,13,31,419,3655.45,218,2616.7
1,3,1,1,3,40,21,31,35,49,70,115,2.87,102.16,150.3,55.3,153.7,170.3,79.7,321.8,541.7,0.0212,0.0858,0.1445,52,59,13.5,3.9,13,27,350,2425.52,187.5,1879.63
1,3,1,2,1,48,73,102,162,53,89,253,0.8,21.5,47.11,39.7,96.4,160.3,41.1,243.7,429.1,0.011,0.065,0.1144,54,63,11.5,3.1,12,23,287,1333.33,160.5,1066.67
1,3,1,2,2,41,20,37,43,50,54,123,5.39,10.64,115.6,45.3,101.2,171.4,52,153.6,408.5,0.0139,0.0409,0.1089,54,61,14.8,3.4,13,31,410,2333.33,202,1666.67
1,3,1,2,3,48,25,42,53,53,96,118,11.85,100,134.7,45.6,106.4,173.5,55.4,250.4,564.5,0.0148,0.0668,0.1505,56,63,13.7,3.7,15,26,376,2666.67,167.5,1833.33
1,3,1,3,1,40,76,111,140,65,218,250,10.4,32.6,148.1,39.6,117.9,147,33.2,297.8,432.6,0.0089,0.0794,0.1154,54,60,8,3.2,11,20,220,1166.67,100,1000
1,3,1,3,2,42,14,52,103,64,67,103,3.28,22.85,89.7,41.8,116.3,198.6,55.2,330.8,484.9,0.0147,0.0882,0.1293,54,57,9,3.4,12,21,252,1333.33,108,1111.67
1,3,1,3,3,43,5,13,63,49,159,170,35.8,46.12,100,37.8,98.1,134.7,38.3,237.4,355.9,0.0102,0.063,0.0949,55,61,10,3.6,13,24,312,1166.67,110,1083.33
1,3,2,1,1,55,17,56,60,46,70,81,1.18,30.3,41.2,40.3,82.9,135.6,51.4,248.9,535.4,0.0137,0.0664,0.1428,54,59,15.7,4.1,13,33,418,8033.33,219.5,5418.57
1,3,2,1,2,40,27,45,46,36,37,60,0.76,13.74,35.74,44,114.7,174.5,125.2,379.9,506.9,0.0334,0.1013,0.1352,51,55,17,4.2,13,36,459,3719.85,229,2700.73
1,3,2,1,3,54,32,95,96,46,57,63,1.5,17.03,21.8,52.8,152.3,202,31.3,490.6,636.5,0.0083,0.1308,0.1697,52,56,16.8,4,14,37,513,3035.55,213.5,2312.68
1,3,2,2,1,41,39,73,100,28,54,85,3.8,4,13.51,51.2,127.2,181.6,78.4,350.4,493.9,0.0209,0.0934,0.1317,54,59,16.7,4.2,13,37,493,5523.33,247,4038.33
1,3,2,2,2,48,100,133,253,35,75,89,2.89,15.36,20.2,52,112,193.3,72.2,211.1,473.1,0.0193,0.0563,0.1262,54,61,17.5,4,13,34,425,3151.67,197.5,2425
1,3,2,2,3,50,10,18,35,52,83,96,4.78,18.5,29.6,43.8,115.8,170.7,56.9,249.1,476.2,0.0152,0.0664,0.123,54,60,15.5,3.8,15,33,509,4155,196,4111.67
1,3,2,3,1,40,82,106,126,40,57,60,3.87,7.97,36.4,49.7,138.1,174.8,46.6,362.8,480,0.0124,0.0967,0.128,51,54,13.5,3.5,12,31,368,3333.33,184,2166.67
1,3,2,3,2,43,27,60,83,27,55,58,2.3,4.48,39.54,41.5,112.4,141,45.4,268.4,398.5,0.0121,0.0716,0.1063,53,57,14.8,3.7,13,34,448,2857.17,174,1905.5
1,3,2,3,3,41,25,52,74,30,66,83,3.17,13.07,33.23,40.2,108.9,169.3,38.2,254.7,514.7,0.0102,0.0679,0.1373,52,56,15.5,4,14,35,483,2500,170,1666.67
1,3,3,1,1,56,56,88,123,20,43,100,0.2,18.6,29.8,46.8,118.1,154.4,86.7,292.8,628.6,0.0231,0.0781,0.1676,51,58,14.2,4,13,30,377,2677.33,188,2054.62
1,3,3,1,2,40,9,22,49,36,38,45,7.3,12.1,26.54,41.4,103.8,142,136.7,321.6,440,0.0365,0.0858,0.1173,54,59,13.7,3.7,13,26,331,2816.5,186,2215.65
1,3,3,1,3,54,36,50,55,17,83,57,0.12,36.89,9.71,43.1,124.4,169.9,61.8,439.7,561,0.0164,0.1173,0.1496,51,56,15.1,4.3,14,37,523,3677.77,211,2854.35
1,3,3,2,1,48,2,9,18,23,43,49,1.33,7.9,39.6,47.7,72.7,167.4,62.2,141.6,411.3,0.0166,0.0378,0.1097,54,61,16.3,4.4,13,34,459,4951.67,249,3570
1,3,3,2,2,48,25,47,83,29,39,138,3.11,7.95,40.7,37.6,95.8,152.4,34.3,271,367.4,0.0097,0.0722,0.098,54,61,14.5,3.5,12,32,384,2871.67,202.5,2091.67
1,3,3,2,3,50,5,12,20,25,31,44,1.65,3.5,8.6,56.8,137,183,82.6,380.5,440,0.022,0.1015,0.1254,54,63,18.7,4.6,15,38,561,6871.67,281,3783.3
1,3,3,3,1,40,84,114,136,26,45,75,0.6,10.99,88.6,46.3,127.8,165.6,46.5,355.7,391.5,0.0124,0.0949,0.1044,52,58,13.2,3.6,12,31,372,3833.33,170,3166.67
1,3,3,3,2,41,81,185,192,32,56,111,0.48,11,91.42,40.3,106.1,163.7,49.9,202.2,474.5,0.0133,0.0539,0.1265,52,57,14.2,3.8,13,34,428,3333.33,156,2933.33
1,3,3,3,3,38,43,73,75,35,39,156,2,27.12,85.37,38,140.4,197.9,42.9,356.6,593.6,0.0114,0.0317,0.1583,50,55,15.3,4,14,35,473,3083.33,150,2416.67
1,3,4,1,1,57,2,4,5,20,77,15,0.19,15.48,3.21,34.6,98.7,156.4,40.7,256.8,595.1,0.0109,0.0685,0.1587,58,61,17.5,4.2,13,38,487,4243.17,263,3164.2
1,3,4,1,2,56,3,4,9,22,119,16,1,74.68,3.56,47.2,122.3,166.4,185.1,417.9,563,0.0494,0.1115,0.1501,53,58,16.2,3.9,13,36,478,4525.63,250.5,3492.15
1,3,4,1,3,54,1,1,2,18,109,18,0.21,15.29,4.57,42.9,110.9,174.5,56.7,405.7,477.5,0.0151,0.1082,0.1273,53,58,18,4.1,13,40,507,5244.56,258.5,4031.8
1,3,4,2,1,48,4,12,28,22,69,4,1.1,13.3,2.22,58.1,135.8,193.8,82.8,330.2,393.8,0.0221,0.088,0.105,54,59,15.8,4,13,37,467,4383.33,263.5,3250
1,3,4,2,2,42,2,5,8,43,44,46,0.89,1.11,5.83,43.1,111.1,204.1,53.1,252.3,518.4,0.0142,0.0673,0.1383,54,59,17.2,4,13,34,422,5800,270,4166.67
1,3,4,2,3,48,6,11,21,20,49,10,0.49,3.6,1.7,43.6,123.7,193.6,75.6,239.2,569.6,0.0202,0.0638,0.1519,54,61,16.3,4.4,14,37,523,5221.67,241,3733.33
1,3,4,3,1,41,1,3,9,16,128,10,1,15.12,4.8,41.6,132.6,150.3,35.6,291.1,375.7,0.0095,0.0776,0.1002,50,56,13.5,3.5,12,33,396,3333.33,194.5,2333.33
1,3,4,3,2,41,1,1,2,18,87,12,0.71,14.37,5.52,38,105.8,149.4,42.5,273.2,429.4,0.0113,0.0729,0.1145,52,57,14.8,3.8,12,35,424,2833.33,184.5,2166.67
1,3,4,3,3,42,1,3,5,13,31,9,0.53,46,10.24,41.6,115.3,165.7,35.6,223,492.7,0.0095,0.0592,0.1314,52,56,15.5,4,13,37,481,2500,180,1833.33
1,4,1,1,1,37,6,7,15,47,67,99,59.77,64.7,90.4,29.5,79.5,103.2,26.1,184,443.1,0.0071,0.0491,0.1182,59,63,11.33,3.1,12,21,256,2247.07,178,1778.12
1,4,1,1,2,39,1,27,28,24,55,98,28.82,98.57,101.59,40,115.7,149.8,126.3,233.9,405.2,0.0337,0.0624,0.108,58,63,13.9,4.1,13,26,350,2985.95,247.5,2206.35
1,4,1,1,3,40,13,19,22,40,56,63,1.68,93.59,98.46,47.2,121.3,150.1,69.1,263.8,485.3,0.0184,0.0703,0.1294,53,59,14,3.9,12,33,391,2698.38,202.5,2068.95
1,4,1,2,1,41,25,47,75,47,56,77,4.51,24.1,103.5,35.7,90.6,166.8,48.4,235.6,440.4,0.0129,0.0628,0.1174,54,63,14,3.5,13,27,347,2533.33,177,1813.33
1,4,1,2,2,42,14,22,41,50,129,143,16.4,48.95,143.2,42.7,119.8,198.6,43.4,165.5,580.2,0.0116,0.0441,0.1547,54,59,14.7,3.7,13,30,383,4000,234,2975
1,4,1,2,3,48,18,28,50,53,81,99,29.13,100.5,136.7,52.4,136.4,189,77.6,386.4,525.2,0.0207,0.103,0.14,54,61,14.3,3.7,13,32,431,3600,206.5,2750
1,4,1,3,1,39,72,125,160,40,62,214,6.6,30.98,134.5,33.4,111.3,142.3,29.6,293.3,349,0.0079,0.0782,0.0931,54,61,11,3.1,12,24,295,2000,156,1666.67
1,4,1,3,2,41,111,168,183,35,56,163,4.95,28.37,169.57,49.7,166.3,187,60.9,409,422.8,0.0162,0.1091,0.1127,54,57,11.2,3.3,13,26,342,1416.67,144,830
1,4,1,3,3,38,6,6,48,16,49,109,15.9,47.03,138.92,36.4,99.4,139.1,30.8,216.6,377.4,0.0082,0.0578,0.1006,55,61,12,3.5,14,27,373,1250,139,916.67
1,4,2,1,1,56,4,17,20,40,52,105,1.8,8.81,13.29,41.7,114.3,157.4,50.8,300.7,524.5,0.0135,0.0882,0.1399,54,59,16.8,3.9,13,34,437,2655.7,239.5,1909.92
1,4,2,1,2,51,7,23,26,34,66,101,1.35,54.3,60.1,41.7,116.7,171.7,109.9,333.5,453,0.0293,0.0889,0.1208,53,59,15.8,4,13,36,451,4638.67,249.5,3574.02
1,4,2,1,3,54,27,90,93,21,49,73,2.04,49.18,78.5,54.8,152.2,190.1,97.8,573.6,629.2,0.026,0.1529,0.1678,52,56,16.2,4.1,13,40,497,4514.22,258.5,3551.68
1,4,2,2,1,48,41,82,101,45,53,80,4.81,5.1,19.5,46.2,118.7,174.2,59.1,281.4,443.3,0.0158,0.075,0.1182,54,59,17,4.1,14,38,533,4583.33,221.5,3250
1,4,2,2,2,48,25,43,77,53,57,116,8.2,18.41,40.3,54.6,112.4,174.9,77.6,235.8,426.9,0.0207,0.0629,0.1139,54,61,15.5,4.2,13,36,478,4916.67,237,3666.67
1,4,2,2,3,48,16,30,40,60,85,107,23.47,50.2,98.35,49.5,125.8,207.8,69,298.9,507.6,0.0184,0.0797,0.1354,54,61,17.3,4,15,38,561,4208.33,216.5,3083.33
1,4,2,3,1,49,2,19,22,37,46,57,15.8,64.6,29.6,49.2,111.8,179.3,50.1,357.3,554.7,0.0134,0.0953,0.1479,52,56,16,3.9,12,30,360,5833.33,225,4500
1,4,2,3,2,46,25,95,100,34,57,82,1.13,2.3,32.37,38.3,127.2,170,52.3,332,550,0.0139,0.885,0.12,52,56,18,4,13,32,416,5250,248,4083.33
1,4,2,3,3,47,23,76,122,47,54,60,3.4,8.38,26.97,39.2,110.9,167,41.4,231,456.2,0.011,0.0616,0.1217,52,56,19,4.2,14,34,476,4833.33,240,3833.33
1,4,3,1,1,56,15,28,48,27,27,65,0.38,6.86,62.14,49.5,124.2,170.3,98.7,361.9,712.3,0.0263,0.0965,0.1899,51,58,16.3,4,13,33,423,4810,225.5,3672.15
1,4,3,1,2,56,7,17,17,24,48,66,0.22,42.46,44.3,50.1,126.5,151.6,159.3,316.7,544.5,0.0425,0.0845,0.1452,54,59,16,4.1,13,33,435,4279.2,218.5,3278.18
1,4,3,1,3,54,23,51,58,8,71,121,0.41,23.6,47.5,46.5,129.7,165.2,58.3,415.4,563.3,0.0156,0.1108,0.1502,52,58,16.8,4.2,13,34,449,4795.87,249.5,3722.82
1,4,3,2,1,41,26,48,74,51,75,186,2.09,23.2,24.8,45.5,111.7,165,58.6,301,477.6,0.0156,0.0803,0.1273,54,59,15.7,4,15,32,455,3903.33,215.5,2856.67
1,4,3,2,2,48,56,95,143,48,65,136,1.94,12.74,36.5,40.2,101.3,159.4,53,255.3,430,0.0141,0.0681,0.1147,54,59,16.2,3.8,12,35,416,3333.33,215,2376.67
1,4,3,2,3,48,36,54,87,46,68,82,2.93,15.6,28.3,59.8,171,210,105.2,364.9,520,0.028,0.0973,0.1345,53,61,15.7,4.3,14,31,439,4750,232.5,3666.67
1,4,3,3,1,39,1,19,29,23,61,103,1.39,16.16,25.6,41.6,129,177.5,28.9,343.2,395.8,0.0077,0.0915,0.1055,52,57,15.5,3.7,12,36,432,4166.67,230,3166.67
1,4,3,3,2,41,81,185,192,23,67,101,0.4,4.9,19.24,36.4,102.3,159.3,38.8,212.1,486.9,0.0103,0.0566,0.1298,54,58,16.5,3.9,12,39,468,3750,213,2916.67
1,4,3,3,3,41,32,79,81,38,48,65,1.42,8.41,13.98,46.2,139,180.3,41.4,359.3,550.1,0.011,0.0958,0.1467,50,56,17.5,4.2,13,43,559,3333.33,205,2666.67
1,4,4,1,1,56,4,6,7,22,122,4,0.12,13.8,1.2,41.3,112.8,175,70.6,365.8,776.3,0.0188,0.0976,0.207,54,59,18.2,4.2,15,38,555,4371.83,214,3326.13
1,4,4,1,2,56,3,3,6,26,129,31,23.15,30.3,8.33,37.7,116.7,163.2,227.6,352.3,505.9,0.0607,0.0939,0.1349,55,59,17.1,4.3,12,36,427,6104.85,266,4711.97
1,4,4,1,3,54,2,6,10,18,103,32,0.1,27.56,9.43,44.1,115.3,162.9,51.8,323.2,478.9,0.0138,0.0862,0.1277,53,58,15.5,4.2,14,32,448,5366.65,242.5,4111.62
1,4,4,2,1,48,5,11,20,33,103,11,1.12,36.3,2.22,48.2,116.8,193.4,74,236,441.8,0.0197,0.0629,0.1178,54,59,16.8,4.2,13,38,476,5000,261,3750
1,4,4,2,2,41,10,17,22,57,74,48,2.86,14.8,5.64,40.8,115.1,175,54.7,283.6,446.5,0.0146,0.0756,0.1191,54,59,17,3.8,12,38,460,5300,293.5,3833.33
1,4,4,2,3,50,34,63,98,41,52,17,3.31,15.5,2.5,40.1,112.8,196.6,44.5,283.8,509.8,0.0119,0.0757,0.136,54,60,16,4,15,32,465,5221.67,258.5,3733.33
1,4,4,3,1,51,1,1,12,33,47,17,0.82,8.8,1.16,37.5,140.1,165,41.6,271,473.6,0.0111,0.0723,0.1263,51,56,14.8,3.6,12,31,368,4833.33,226,3666.67
1,4,4,3,2,54,1,2,3,31,114,23,0.63,23.48,2.24,37.7,101.8,175.7,42.2,225.6,475.4,0.0112,0.0602,0.1268,53,58,15.8,3.8,13,34,428,4475,211.5,3475
1,4,4,3,3,52,1,2,4,25,61,17,0.7,12.15,1.02,40.4,111.5,168.7,35.6,263.5,500.6,0.0095,0.0703,0.1335,52,56,16.5,4.1,14,35,473,4000,200,3166.67
2,1,1,1,1,40,109,133,150,33,114,140,3.8,4.3,47.2,49.67,141,174.5,53.05,274.62,449.39,0.0141,0.0732,0.1198,50,54,14.9,4.08,13,31,403,4583.33,195,3750
2,1,1,1,2,40,25,45,88,43,104,130,5.8,6.3,45.2,49.67,141,174.5,62.57,373.94,453.44,0.0167,0.0997,0.1209,52,58,14.46,4.28,14,35,490,5000,206,4083.33
2,1,1,1,3,39,23,43,85,23,124,150,1.8,2.3,49.2,49,153.33,165.5,41.52,232.65,455.83,0.0111,0.062,0.1216,48,52,14.36,3.98,13,30,390,3250,233.5,2500
2,1,1,2,1,36,165,176,189,55,126,155,4.3,80.1,100.6,48.3,129,165.3,36.31,235.39,370.65,0.0097,0.0628,0.0988,48,54,12.62,4.06,14,28,392,5833.33,232,4333.33
2,1,1,2,2,37,45,68,200,45,136,165,2.3,78.1,102.5,45.33,139.83,166,54.05,345.12,443.1,0.0144,0.092,0.1182,48,53,13.3,4.12,13,28,364,5166.67,190.5,3833.33
2,1,1,2,3,39,48,71,203,65,116,145,6.3,82.1,98.6,50.03,153.67,177.33,56.74,326.33,470.39,0.0151,0.087,0.1254,48,52,12.54,3.96,14,28,392,4666.67,239,3500
2,1,1,3,1,36,178,187,200,77,223,177,77.7,100.4,110.5,40.3,153.67,174.3,69.95,183.25,319.87,0.0187,0.0489,0.0853,47,52,11.8,3.54,13,26,338,3333.33,178,2333.33
2,1,1,3,2,37,53,78,253,87,213,167,75.7,102.4,112.3,62.53,115.33,153.83,37.96,430.79,470.61,0.0101,0.1149,0.1255,47,53,11,3.48,13,25,325,2833.33,169.4,2000
2,1,1,3,3,38,51,76,250,67,233,187,79.7,98.4,108.5,46,143.33,170,33.75,406.19,437.89,0.009,0.1083,0.1168,48,52,11.8,3.6,13,27,343,3083.33,169.3,2250
2,1,2,1,1,38,64,85,95,32,60,44,6.2,15.4,31.3,43.67,107,175.33,77.18,350.39,497.53,0.0206,0.0934,0.1327,48,53,15.36,4.34,15,34,510,5766.67,251,3750
2,1,2,1,2,57,14,15,38,22,50,54,8.2,13.4,33.5,55.93,162.67,184.33,88.67,425.91,501.82,0.0236,0.1136,0.1338,48,53,16.5,4.18,15,37,555,5666.67,261.5,4583.33
2,1,2,1,3,56,11,12,35,42,70,34,4.2,17.4,29.4,53.17,163,200,92.98,439.04,531.7,0.0248,0.1171,0.1418,50,53,16.8,4.4,14,36,504,5708.33,228,4666.67
2,1,2,2,1,49,78,113,134,47,66,64,8.4,34.7,78.8,55,167.67,209.67,28.76,437.39,452.21,0.0077,0.1166,0.1206,40,49,14.5,4.12,14,30,420,5333.33,240,4533
2,1,2,2,2,46,24,48,88,57,76,74,6.4,36.7,76.1,47.33,152.33,184,59.95,422.97,558.9,0.016,0.1128,0.149,46,51,16.7,4.32,14,36,504,8500,269,6833.33
2,1,2,2,3,48,26,50,91,37,56,54,10.4,32.7,80.4,55.17,150.33,185.33,72.74,374.63,405.51,0.0194,0.0999,0.1081,48,52,15.5,4.24,14,33,462,5833.33,242.5,4166.67
2,1,2,3,1,37,115,125,148,62,73,64,44.9,35.6,83.4,58.1,154.67,193.67,55.44,434.92,483.82,0.0148,0.116,0.129,40,44,14.2,3.94,14,29,406,3333.33,179.5,2500
2,1,2,3,2,47,42,60,100,52,63,54,46.9,33.6,85.4,51.33,158,180.67,62.49,374.06,430.16,0.0167,0.0997,0.1147,47,57,15.2,3.92,14,29,406,3750,183.2,2666.67
2,1,2,3,3,48,40,56,95,72,83,74,42.9,37.6,81.2,57,131.33,177,65.48,393.21,459.21,0.0175,0.1049,0.1225,44,50,14,3.94,14,30,427,3883.33,187.4,2833.33
2,1,3,1,1,59,36,38,50,10,48,48,0,3.5,11.3,56.67,136,181.67,113.68,521.9,549.93,0.0303,0.1392,0.1466,48,52,14.8,4.24,15,35,525,4666.67,256.5,3750
2,1,3,1,2,48,8,12,20,15,38,58,0.9,5.5,9.2,59.17,172.33,201,74.69,498.54,585.32,0.0199,0.1329,0.1561,49,51,15,4.3,14,37,518,5666.67,265.5,4583.33
2,1,3,1,3,47,5,9,17,25,58,38,0.5,1.5,13.6,49.73,169,187.67,91.66,497.96,583.27,0.0244,0.1328,0.1555,51,55,15.1,4.18,14,33,462,4750,240,3750
2,1,3,2,1,38,27,51,110,13,53,52,0.3,6,22,48.67,173.3,202,77.08,394.58,511.6,0.0206,0.1052,0.1364,40,50,15.3,4.24,14,30,420,5083.33,242.5,4250
2,1,3,2,2,38,16,28,40,23,63,42,0.6,4,23.4,57.13,177.83,192.33,64.08,432.85,585.86,0.0171,0.1154,0.1562,46,53,16.1,4.48,15,34,510,8833.33,247.5,6833.33
2,1,3,2,3,40,20,32,43,18,43,62,1,8,19.7,50.33,173.17,217,84.47,472.33,532.73,0.0225,0.126,0.1421,44,47,15.9,4.48,15,33,495,5833.33,222.5,4166.67
2,1,3,3,1,38,44,83,127,44,74,65,3.2,77.1,29.6,55.8,184.67,198.67,61.07,448.16,490.81,0.0163,0.1195,0.1309,40,46,14.1,3.94,14,33,462,5500,221,4000
2,1,3,3,2,48,28,42,65,34,64,75,1.2,75.1,31.2,56,158,195.7,73.99,535.05,564.37,0.0197,0.1427,0.1505,44,49,14.6,3.94,14,33,462,5583.33,193.2,3833.33
2,1,3,3,3,49,25,40,61,54,84,55,5.2,79.1,27.9,56.33,150.67,185.67,61.9,490.2,575.85,0.0165,0.1307,0.1536,42,47,14,4.06,14,34,476,6000,200.9,4333.33
2,1,4,1,1,59,1,2,2,5,34,4,0.1,4.7,8.4,48.3,172.7,186.3,69.73,313.9,470.68,0.0186,0.0837,0.1255,49,54,16.3,4.2,13,37,481,5166.67,210,4166.67
2,1,4,1,2,41,2,2,2,10,44,14,0.6,6.7,6.9,45.7,138,189.2,113.46,425.35,493.88,0.0303,0.1134,0.1317,48,51,15.88,4.32,14,36,504,6666.67,260,5583.33
2,1,4,1,3,40,2,2,2,18,24,8,0.9,2.7,10.5,60,174.67,201.33,73.01,486.04,547.47,0.0195,0.1296,0.146,50,54,16.2,4.32,14,36,504,5666.67,253,4583.33
2,1,4,2,1,38,15,18,30,19,47,34,0.9,6.9,10.5,44.87,178.3,205.7,65.92,398.25,567.27,0.0176,0.1062,0.1513,40,48,15.34,4.24,15,33,495,4333.33,288,3416.67
2,1,4,2,2,45,1,2,6,29,57,44,1.1,4.9,12.7,48.8,164,182.3,54.85,385.1,541.25,0.0146,0.1027,0.1443,46,51,15.56,4.42,14,32,448,8166.67,249.5,6166.67
2,1,4,2,3,47,2,3,6,9,37,24,0.7,8.9,8.2,46.97,168.67,219,71.82,415.34,541.58,0.0192,0.1108,0.1444,44,49,16.1,4.22,14,34,476,5416.67,270,4166.67
2,1,4,3,1,44,0,15,43,52,63,61,10.3,18.7,27.4,50.2,182,197.7,75.76,503.06,614.47,0.0202,0.1342,0.1639,36,45,13.9,3.92,14,30,420,4200,183,3333.33
2,1,4,3,2,36,10,13,17,42,53,71,8.3,20.7,25.1,60,150,184.3,78.51,462.34,556.96,0.0209,0.1233,0.1485,43,59,15,4.1,14,34,476,5866.67,195.1,3866.67
2,1,4,3,3,37,8,10,15,62,73,51,12.3,16.7,29.8,58,134.33,180,72.92,454.95,547.35,0.0194,0.1213,0.146,39,52,15,4.04,15,32,480,6416.67,210,4666.67
2,2,1,1,1,40,135,148,162,69,58,143,3,52.5,98.6,57.7,133,179,70.06,279.67,483.11,0.0187,0.0746,0.1288,55,61,15,4.28,15,34,510,5558.33,200,4750
2,2,1,1,2,40,65,118,138,79,68,133,1,50.5,100.2,49.8,158.6,171.4,58.46,287.32,502.05,0.0156,0.0766,0.1339,56,60,16.8,4.06,14,37,518,6166.67,231.5,5083.33
2,2,1,1,3,39,63,115,135,59,48,153,5,54.5,96.4,47.33,143.83,200.47,47.21,246.35,487.01,0.0126,0.0657,0.1299,53,57,13.76,3.76,14,31,434,3400,200,2333.33
2,2,1,2,1,37,183,193,200,78,120,159,12.6,64.9,108.1,42,136.87,190.67,39.03,287.41,419.7,0.0104,0.0766,0.1119,50,56,16.26,4.18,12,32,384,6666.67,249.5,4666.67
2,2,1,2,2,37,73,150,208,68,110,169,14.6,66.9,110.7,50.1,165.4,199.7,44.44,328.98,611.73,0.0119,0.0877,0.1631,54,58,14.2,4.16,12,32,384,6416.67,187.5,5666.67
2,2,1,2,3,39,75,153,210,88,130,149,10.6,62.9,106.4,52.73,161,216.67,37.93,360.37,586.72,0.0101,0.0961,0.1565,53,57,16.36,4.1,14,31,434,5833.33,215,4000
2,2,1,3,1,36,194,215,228,78,126,180,35,112.3,118.6,52.2,162,194.3,64.84,289.54,467.6,0.0173,0.0772,0.1247,51,60,14,3.96,14,31,434,4166.67,225,3000
2,2,1,3,2,36,85,163,268,88,116,170,33,110.3,116.3,58.7,139,172.5,50.11,445.56,489.38,0.0134,0.1188,0.1305,50,59,14,3.9,14,32,448,3966.67,218.3,2883.33
2,2,1,3,3,37,83,160,264,68,136,190,37,114.3,120.6,52,135.33,172,42.14,414.59,472.9,0.0112,0.1106,0.1261,51,59,14,4,14,31,418,4633.33,236,3333.33
2,2,2,1,1,45,42,69,80,37,54,43,2,2.1,22.2,45.7,133,171,67.83,473.05,612.4,0.0181,0.1261,0.1633,54,59,15.2,4.14,15,37,555,6000,246,4666.67
2,2,2,1,2,45,55,108,123,47,64,33,4,4.1,20.8,51.1,158.7,202.93,86.53,452.62,590.08,0.0231,0.1207,0.1574,53,58,17.06,4.26,13,39,507,6000,251,4666.67
2,2,2,1,3,44,52,105,120,27,44,53,0,0.1,24.6,53.17,153.33,218,78.08,466.74,713.37,0.0208,0.1245,0.1902,53,57,16.9,4.6,15,38,570,6118.33,237,4951.67
2,2,2,2,1,38,119,125,143,67,81,53,16.5,18.9,35.8,48.3,159.6,229.7,30.66,329.25,531.27,0.0082,0.0878,0.1417,51,55,16.8,4.38,14,33,462,8666.67,285.5,6166.67
2,2,2,2,2,42,95,128,184,77,71,63,14.5,16.9,33.1,49.4,149.8,194,59.69,321.84,558.16,0.0159,0.0858,0.1488,48,55,16.8,4.26,14,36,504,8500,246.5,6666.67
2,2,2,2,3,44,97,131,183,57,91,33,18.5,20.9,37.4,59.67,141.33,205.67,85.36,283.81,652.76,0.0228,0.0757,0.1741,49,55,18.6,4.36,13,37,481,10166.67,270,7000
2,2,2,3,1,36,134,156,175,57,104,64,22.3,33.6,69.8,63.7,146.7,198.3,67.2,372.96,631.04,0.0179,0.0995,0.1683,47,52,15.2,4.06,14,34,476,4666.67,195.5,3333.33
2,2,2,3,2,37,99,135,200,47,114,54,24.3,35.6,71,53.7,134,189.3,77.1,405.91,584.85,0.0206,0.1082,0.156,56,63,15.4,4.1,14,31,434,4916.67,213.6,3666.67
2,2,2,3,3,38,96,130,194,67,94,74,20.3,31.6,67.6,60,126.33,182,74.11,430.58,620.53,0.0198,0.1148,0.1655,52,57,16,4.28,15,32,478,5000,206.8,3833.33
2,2,3,1,1,46,104,136,143,14,48,46,0.2,5.1,4.5,57.7,126.7,184.3,102.21,476.83,607.55,0.0273,0.1272,0.162,52,57,16.2,4.3,15,39,585,6816.67,213.5,5750
2,2,3,1,2,48,50,102,109,24,38,56,2.2,3.1,4.3,65.7,207.3,244.1,110.02,556.98,726.26,0.0293,0.1485,0.1937,52,55,16.8,4.46,14,40,560,7583.33,240.5,6333.33
2,2,3,1,3,47,47,99,105,4,58,36,1.2,7.1,6.9,51.83,168.33,243,94.7,679.19,733.2,0.0253,0.1811,0.1955,54,59,18.7,4.26,14,40,560,5416.67,229.5,4416.67
2,2,3,2,1,38,70,105,176,34,76,65,0.9,10.3,42.9,49.3,175.3,230,77.16,458.24,588.25,0.0206,0.1222,0.1569,50,54,16.3,4.26,14,35,490,6966.67,279,5833.33
2,2,3,2,2,43,47,58,147,24,86,75,2.9,12.3,40.7,30,183.6,186.3,88.88,541.88,699.93,0.0237,0.1445,0.1866,48,56,19.8,4.46,14,36,504,8916.67,297.5,7000
2,2,3,2,3,45,49,52,61,44,66,55,1.9,8.3,38.6,61.57,182.33,252.67,112.25,537.38,659.23,0.0299,0.1433,0.1758,49,53,17,4.18,14,39,546,6000,238.5,4000
2,2,3,3,1,40,82,120,189,46,94,86,3.9,41.2,48.4,65.1,183,239,58.14,541.3,668.99,0.0155,0.1443,0.1784,50,55,16.66,4.12,14,37,518,6250,189,5333.33
2,2,3,3,2,45,145,150,160,56,104,76,1.9,43.2,46.2,59,188.3,227,83.1,619.67,698.59,0.0222,0.1652,0.1863,46,53,16,4.14,14,35,490,6833.33,198.9,4833.33
2,2,3,3,3,46,140,147,155,36,84,96,5.9,39.2,50,67.67,177,237,91.84,582.17,661.52,0.0245,0.1552,0.1764,48,54,16.4,4.3,14,34,476,6250,215.6,4416.67
2,2,4,1,1,45,16,32,34,16,36,6,0.6,5.5,6.9,59.3,189,224.3,99.72,458.91,581.11,0.0266,0.1224,0.155,52,56,16.96,4.38,14,40,560,7916.67,220.5,6583.33
2,2,4,1,2,42,3,3,3,6,46,10,1.6,3.5,8.2,55.1,154.8,207,91.12,517.88,637.82,0.0243,0.1381,0.1701,52,58,17.7,4.06,16,38,608,6666.67,265,5583.33
2,2,4,1,3,41,3,3,3,26,26,16,2.6,7.5,5,52.17,168,239.67,112.94,571.4,599.69,0.0301,0.1524,0.1599,54,58,17.1,4.32,15,35,525,7166.67,238.5,6000
2,2,4,2,1,45,14,15,35,29,37,6,2.5,10.9,10.4,52.7,173,242.3,51.79,288.68,574.64,0.0138,0.077,0.1532,50,54,17.92,4.28,14,36,504,7916.67,200,6166.67
2,2,4,2,2,38,10,16,20,39,27,16,4.5,12.9,12,51.5,162.7,212.3,103.19,482.49,710.64,0.0275,0.1287,0.1895,48,55,19.2,4.7,14,38,532,8633.33,270,6466.67
2,2,4,2,3,40,8,17,22,19,47,10,0.5,8.9,8.4,66.07,176.33,237.67,128.24,536.51,798.68,0.0342,0.1431,0.213,47,51,20.5,4.46,14,44,616,8416.67,285,6250
2,2,4,3,1,43,0,20,48,34,56,15,2.5,19.2,20.6,70.3,211.3,232.7,74.72,446.77,630.63,0.0199,0.1191,0.1682,45,52,16.8,4.28,15,35,525,6166.67,244.5,4583.33
2,2,4,3,2,46,13,20,28,24,46,25,0.5,17.2,18.6,30.7,168,219.7,78.43,549.53,684.18,0.0209,0.1465,0.1824,47,52,16.6,4.12,14,36,504,6516.67,231,4466.67
2,2,4,3,3,47,10,16,25,44,66,5,4.5,21.2,22.4,64,179.67,233,85.42,428.77,585.66,0.0228,0.1143,0.1562,46,52,17,4.08,14,35,490,6916.67,260.1,4833.33
2,3,1,1,1,40,143,156,164,19,82,133,2.4,59.8,93.6,60,173.7,218.3,71.14,249.96,407.13,0.019,0.0667,0.1086,50,54,15.8,3.86,14,37,518,5166.67,145,4000
2,3,1,1,2,40,63,148,166,29,72,143,0.4,61.8,91,54,146.8,167,60.47,325.33,455.72,0.0161,0.0868,0.1215,52,57,15.32,4.24,14,32,448,5666.67,202,4333.33
2,3,1,1,3,39,60,145,163,9,92,123,4.4,57.8,95.6,51.7,156.33,209.73,48.01,245.07,452.47,0.0128,0.0654,0.1207,48,52,13.6,3.76,14,30,420,2500,224.5,1833.33
2,3,1,2,1,36,153,171,193,59,123,161,9.3,76.8,114.3,46.6,148.2,159.3,50.23,316.2,423.78,0.0134,0.0843,0.113,49,55,13.96,4.14,14,29,406,5833.33,179,4166.67
2,3,1,2,2,37,85,163,173,49,113,151,11.3,74.8,116,58.2,171.1,178.3,69.7,360.14,514.37,0.0186,0.096,0.1372,51,58,13.9,3.96,14,32,448,3866.67,226,3166.67
2,3,1,2,3,39,87,165,175,69,133,171,7.3,78.8,112.5,60.33,156.5,193.33,59.04,361.67,469.76,0.0157,0.0964,0.1253,50,57,13.74,4.12,14,28,392,4666.67,210.5,3333.33
2,3,1,3,1,36,161,194,243,66,128,189,16.6,98.1,136.1,58.3,180.6,193.3,47.96,230.48,318.87,0.0128,0.0615,0.085,50,61,10.86,3.46,14,27,378,3166.67,150,2000
2,3,1,3,2,35,91,172,200,76,118,199,14.6,100.1,134.6,51.7,138.7,147.7,47.85,400.79,425.31,0.0128,0.1069,0.1134,48,57,10.2,3.58,13,26,338,2833.33,191,1833.33
2,3,1,3,3,35,89,170,196,56,138,179,18.6,96.1,138.9,46.33,144.33,181,53.42,347.92,405.71,0.0142,0.0928,0.1082,49,59,11.4,3.7,13,28,352,3250,181.9,2166.67
2,3,2,1,1,42,79,133,145,27,47,68,5.1,5.3,24.6,50.7,146.7,170.7,82.6,472.59,493.58,0.022,0.126,0.1316,52,56,15.4,4,14,36,504,5251.67,226,4285
2,3,2,1,2,48,40,140,149,37,37,58,7.1,3.3,26.4,57.3,140.7,182.2,78.73,383.06,512.37,0.021,0.1021,0.1366,52,56,16.7,4.2,15,36,540,6083.33,235.5,4833.33
2,3,2,1,3,47,37,137,146,17,57,78,3.1,7.3,22.2,57.67,148.67,182,81.97,443.81,591.01,0.0219,0.1184,0.1576,53,58,16.9,4.16,14,37,518,5750,220,4416.67
2,3,2,2,1,38,146,163,185,67,60,87,5.4,13.2,40.4,46.3,156,196.7,38.51,344.03,466.58,0.0103,0.0917,0.1244,48,51,15.96,4.16,12,33,396,8500,235.5,6333.33
2,3,2,2,2,40,90,128,136,77,70,97,3.4,15.2,38.1,54.2,140.8,179.3,91.32,447.95,592.74,0.0244,0.1195,0.1581,49,54,15.2,4.14,14,33,462,7500,243,5666.67
2,3,2,2,3,42,92,131,140,57,50,77,7.4,11.2,42.8,64.9,174,195.33,116.15,333.29,537.2,0.031,0.0889,0.1433,48,52,15.16,4.24,15,29,435,7900,245,5833.33
2,3,2,3,1,36,165,184,200,49,93,94,8.2,106.1,109.3,68.3,151.7,180.7,57.23,388.06,415.02,0.0153,0.1035,0.1107,45,52,13.2,3.28,13,28,364,3666.67,169,2333.33
2,3,2,3,2,36,99,140,163,59,83,84,10.2,104.1,107.1,55,121,158.3,65.79,428.02,457.47,0.0175,0.1141,0.122,49,56,14,3.74,13,29,377,4300,177.2,3133.33
2,3,2,3,3,37,96,137,160,39,103,104,6.2,108.1,111.4,54.67,144.33,180.67,56.67,403.13,465.87,0.0151,0.1075,0.1242,47,54,13,3.74,13,30,393,4416.67,196.4,3083.33
2,3,3,1,1,45,86,88,110,6,31,51,0.2,6.4,24.1,51.3,131.3,161.3,108,485.47,504.55,0.0288,0.1295,0.1345,47,51,14.3,4.04,15,31,465,4833.33,209,4083.33
2,3,3,1,2,59,45,48,64,16,41,61,2.2,8.4,22.4,65.5,160.4,186.5,87.18,540.27,605.56,0.0232,0.1441,0.1615,51,53,16.34,4.16,14,38,532,6333.33,221.5,5000
2,3,3,1,3,58,40,41,58,10,21,41,1.2,4.4,26.5,60,180.7,222.17,81.21,544.38,614.54,0.0217,0.1452,0.1639,52,56,16.6,4.24,14,39,546,4750,227.5,3666.67
2,3,3,2,1,38,90,100,140,33,73,57,0.7,14.9,58.7,45.2,185.4,191.7,79.25,476.19,539.43,0.0211,0.127,0.1438,39,48,15.3,4.06,13,32,416,5583.33,225,4500
2,3,3,2,2,38,47,51,113,23,63,47,1.7,12.9,60.3,63,172.3,192.3,76.8,386.31,591.82,0.0205,0.103,0.1578,51,53,15.8,4.2,13,35,455,9000,200,6333.33
2,3,3,2,3,40,53,57,118,43,83,67,2.7,16.9,56.2,64.5,183.23,210.33,95.59,416.99,580.2,0.0255,0.1112,0.1547,50,54,17.5,4.22,14,34,476,4333.33,243,4166.67
2,3,3,3,1,37,121,138,158,45,78,60,4.7,21.1,70.5,68.7,159.5,197,68.75,419.46,487.13,0.0183,0.1119,0.1299,43,50,14.5,3.88,14,32,448,6083.33,187.5,6166.67
2,3,3,3,2,43,21,83,125,55,88,70,2.7,23.1,68.9,55.7,144.7,186.8,62.83,565.79,629.42,0.0168,0.1509,0.1678,44,50,14.8,3.9,15,33,495,5000,193.6,3500
2,3,3,3,3,43,48,80,121,35,68,50,6.7,19.1,72.1,57.33,177.67,208.33,79.31,370.22,461.52,0.0211,0.0987,0.1231,43,50,15.2,4.12,14,32,448,4650,198.2,3083.33
2,3,4,1,1,47,2,8,15,2,49,8,0,2.7,5.2,57,154,167,75.13,408.87,537.6,0.02,0.109,0.1434,49,54,17,4.2,13,38,494,6083.33,241.5,4750
2,3,4,1,2,46,4,8,9,8,39,18,1,0.7,7.3,48.3,148,181.7,86.8,491.83,552.85,0.0231,0.1312,0.1474,50,54,17.4,4.18,14,37,518,5666.67,272.5,4416.67
2,3,4,1,3,45,4,6,8,11,59,10,2,4.7,3.2,50,152.67,189.67,106.03,551.76,571.79,0.0283,0.1471,0.1525,48,52,18.6,4.34,13,41,533,7166.67,200,5750
2,3,4,2,1,42,3,6,10,15,58,12,0.6,6.4,7.7,57.2,159.3,203,56.27,386.32,532.39,0.015,0.103,0.142,47,50,16.48,4.22,14,32,448,6500,254,4833.33
2,3,4,2,2,38,23,25,43,25,68,22,1.6,8.4,5.3,57.7,167.3,198,81.88,369.5,543.27,0.0218,0.0985,0.1449,47,52,17.06,4.22,13,36,468,7383.33,276.5,5416.67
2,3,4,2,3,40,25,28,46,5,48,2,2.6,4.4,9.1,62.33,170.33,201.33,105.16,501.26,544.28,0.028,0.1337,0.1451,43,47,16.5,4.42,14,37,518,7466.67,238,5466.67
2,3,4,3,1,37,1,10,58,49,60,16,2.2,16.3,12.9,65.7,195.3,208.3,62.63,540.66,605.28,0.0167,0.1442,0.1614,39,50,15.4,3.92,12,33,396,5083.33,223,3750
2,3,4,3,2,36,10,15,18,39,50,6,0.2,14.3,14.4,59.3,80.5,193,61.13,543.16,591.2,0.0163,0.1448,0.1577,45,53,15.2,4.22,14,34,476,5333.33,213.4,3833.33
2,3,4,3,3,37,7,12,15,59,70,26,4.2,18.3,10.7,59.33,164.67,201.33,67.5,556.88,623.9,0.018,0.1485,0.1664,42,51,15.4,3.9,13,32,416,5633.33,210.6,4000
2,4,1,1,1,40,121,137,151,52,36,157,1.8,47.6,84.2,57.3,167.7,188.3,50.98,241.64,417.54,0.0136,0.0644,0.1113,55,61,15,4.22,15,39,585,6000,167.5,4666.67
2,4,1,1,2,40,41,78,99,42,46,147,3.8,49.6,82.4,46.5,140.2,179.1,70.73,325.49,447.94,0.0189,0.0868,0.1195,54,58,15.46,4,13,36,468,5700,217.5,4533.33
2,4,1,1,3,39,38,75,96,62,26,167,0.8,45.6,86,47.5,144.33,177.33,60.95,323.41,424.75,0.0163,0.0862,0.1133,53,57,14.8,3.76,13,34,442,4000,200.5,2833.33
2,4,1,2,1,37,138,152,178,54,104,153,13.1,64.6,101.3,48.4,147.6,175,42.89,259.11,374.54,0.0114,0.0691,0.0999,49,54,14.2,3.94,12,30,360,6333.33,170,4333.33
2,4,1,2,2,37,53,94,143,64,94,163,11.1,62.6,99.6,41.8,127.3,164.7,54.55,342.93,488.86,0.0145,0.0914,0.1304,52,59,14.8,3.64,11,33,363,5000,231,3333.33
2,4,1,2,3,39,55,97,145,44,114,143,15.1,66.6,103.4,44.37,144.57,172.67,47.06,322.53,424.75,0.0125,0.086,0.1133,51,58,14.06,4.06,12,28,336,5333.33,220.5,3750
2,4,1,3,1,36,143,185,218,87,118,178,68.4,120.4,125.2,60.87,133.7,166,36.59,246.66,296.71,0.0098,0.0658,0.0791,50,60,12.3,3.38,13,27,351,2666.67,156.5,1666.67
2,4,1,3,2,37,65,102,256,77,128,168,70.4,118.4,127.1,48,126.3,155.8,43.31,377.83,428.96,0.0115,0.1008,0.1144,53,60,13,3.68,14,27,378,3166.67,169.5,2333.33
2,4,1,3,3,38,63,100,251,97,108,188,66.4,122.4,123.6,44.83,123.67,162.17,39.9,280.74,388.07,0.0106,0.0749,0.1035,52,60,12,3.7,13,27,364,3666.67,200.8,2500
2,4,2,1,1,47,10,39,50,65,43,14,3.3,9.2,33,49,134.3,166,76.38,350.51,464.32,0.0204,0.0935,0.1238,53,59,15.74,4.08,13,37,481,5083.33,238,4000
2,4,2,1,2,47,38,62,85,75,33,24,1.3,11.2,31.4,47.3,141.4,166.7,77.69,391.02,508.54,0.0207,0.1043,0.1356,53,58,15.4,4.06,13,37,481,7500,235,5583.33
2,4,2,1,3,46,35,59,82,55,53,4,5.3,7.2,35.7,45.83,135.67,171.67,87.63,415.04,556.23,0.0234,0.1107,0.1483,53,58,16.32,4.3,14,38,532,6083.33,236.5,4750
2,4,2,2,1,38,50,78,81,58,86,39,8,13.2,45.2,45,148.3,197.7,42.44,368.24,442.52,0.0113,0.0982,0.118,48,52,16.7,4.08,14,32,448,6250,241,4916.67
2,4,2,2,2,48,28,49,105,68,96,29,10,11.2,47.2,50.8,146.5,180,37.89,320.34,472.1,0.0101,0.0854,0.1259,53,56,15.4,4,12,31,372,9666.67,223.5,7000
2,4,2,2,3,50,31,53,108,48,76,49,6,15.2,43.9,40.2,130.67,188.67,47.88,381.27,501.4,0.0128,0.1017,0.1337,49,53,15.66,3.96,12,32,384,6416.67,238,5166.67
2,4,2,3,1,36,114,123,150,60,100,128,9.2,80.4,100.1,47.8,154,187,57.12,303.51,396.42,0.0152,0.0809,0.1057,51,57,13.4,3.66,13,30,390,3833.33,165.5,2500
2,4,2,3,2,44,33,85,147,50,110,138,7.2,82.4,98.6,47.3,127,155,58.48,417.01,483.47,0.0156,0.1112,0.1289,49,54,14.4,4.02,14,30,420,4450,183.2,3250
2,4,2,3,3,45,30,81,143,70,90,118,11.2,78.4,102.5,55.33,132.33,180.67,66.87,397.77,489.65,0.0178,0.1061,0.1306,50,55,14.44,3.9,13,24,312,4333.33,215.3,3166.67
2,4,3,1,1,40,13,23,35,8,63,47,0.1,1.6,27.9,51.3,154.7,178.3,81.26,384.96,492.12,0.0217,0.1027,0.1312,49,53,16.72,3.94,12,38,456,5916.67,221.5,4666.67
2,4,3,1,2,40,8,12,19,18,53,57,2.1,0.6,29.2,50.7,153.7,186.5,77.35,433.48,550.8,0.0206,0.1156,0.1469,53,58,17.1,4.22,13,38,494,5475,254.5,4333.33
2,4,3,1,3,39,6,10,14,10,73,37,1.1,3.6,25.4,51,147.67,198.67,105.42,519.17,608.29,0.0281,0.1384,0.1622,53,58,17,3.98,13,38,494,5333.33,233.5,4166.67
2,4,3,2,1,39,59,84,150,19,63,93,0.2,21.1,83,57.9,156.2,183.7,57.18,345.86,559.79,0.0152,0.0922,0.1493,47,51,16.46,4.14,12,34,408,6666.67,256.5,4916.67
2,4,3,2,2,48,16,25,44,9,73,83,1.2,23.1,80.1,50.23,153,201,60.14,451.55,625.23,0.016,0.1204,0.1667,51,54,16.78,4.04,12,34,408,8083.33,278,6333.33
2,4,3,2,3,50,20,29,48,29,53,103,2.2,19.1,84,51.27,178.33,208.33,120.46,458.01,630.65,0.0321,0.1221,0.1682,49,53,16.4,4.12,12,34,408,6033.33,258.5,4533.33
2,4,3,3,1,38,112,125,163,44,70,114,1.6,38.4,46.1,54.7,165.7,200.7,45.24,439.2,563.01,0.0121,0.1171,0.1501,41,47,15,3.62,13,35,455,4750,182,3333.33
2,4,3,3,2,49,23,38,67,54,60,104,0.6,36.4,48.9,56.7,151.3,182,59.24,485.59,530.62,0.0158,0.1295,0.1415,46,52,15.2,4.04,14,35,490,5500,193.4,4000
2,4,3,3,3,50,20,35,66,34,80,124,3.6,40.4,44.3,56.33,160,191.33,44.36,409.48,485.44,0.0118,0.1092,0.1295,43,49,15,4.06,14,35,490,5516.67,205,4133.33
2,4,4,1,1,59,1,2,3,6,52,8,0,1.7,4.9,60.3,146.7,179.3,79.88,394.96,486.33,0.0213,0.1053,0.1297,52,57,15,4.06,13,37,481,5833.33,220.5,4583.33
2,4,4,1,2,42,6,9,10,12,62,18,1,3.7,6.2,48.2,142.2,186.1,79.98,441.45,513.1,0.0213,0.1177,0.1368,53,58,16.6,3.92,13,37,481,5416.67,218.5,4250
2,4,4,1,3,41,5,7,10,10,42,10,2,0.7,2.2,52,138,183,77.83,514.35,516.21,0.0208,0.1372,0.1377,53,58,16.74,4.1,14,38,532,5750,217.5,4500
2,4,4,2,1,48,3,8,10,17,51,10,0.9,9,7.6,43.5,151.7,183,41.88,381.78,524.16,0.0112,0.1018,0.1398,48,52,16,4.06,12,38,456,6166.67,295,4500
2,4,4,2,2,51,10,18,24,7,61,10,2.9,7,5.8,46.5,140.7,195.3,61.42,381.11,508.32,0.0164,0.1016,0.1356,51,55,16.5,4.24,13,32,416,8666.67,264.5,6466.67
2,4,4,2,3,53,13,21,25,27,41,20,1.9,11,9.2,49.53,149.33,207,76.8,428.38,569.62,0.0205,0.1142,0.1519,46,50,16.4,4.14,12,39,468,7083.33,255,5333.33
2,4,4,3,1,46,1,17,53,25,71,26,1.1,26.4,28.3,54.6,175.7,208.7,59.5,473.34,566.74,0.0159,0.1262,0.1511,42,51,15.44,3.84,12,37,444,5083.33,213.5,3750
2,4,4,3,2,47,10,17,23,35,61,36,0.1,28.4,30.4,55,148.3,188.7,63.89,481.25,564.34,0.017,0.1283,0.1505,46,51,15.4,4.02,14,36,504,5583.33,220.1,4000
2,4,4,3,3,48,6,15,20,15,81,16,3.1,24.4,26.6,55.33,147.33,188.33,48.31,399.94,555.88,0.0129,0.1067,0.1482,44,51,15.8,4.04,14,34,476,6233.33,211.9,4400
2,5,1,1,1,38,147,159,172,15,127,69,1.3,99.4,106.5,50.7,142,178,76.74,227.04,451.85,0.0205,0.0605,0.1205,52,58,14.6,4.36,15,33,495,4750,146,3666.67
2,5,1,1,2,38,98,130,168,5,137,59,3.3,97.4,104.2,54.4,157.9,209.4,70.86,336.46,439.69,0.0189,0.0897,0.1172,53,58,15,4.3,14,32,448,5000,218.5,3916.67
2,5,1,1,3,37,95,127,165,25,117,79,0.3,101.4,108.7,50.83,166.67,198.33,59.99,291.37,454.33,0.016,0.0777,0.1212,50,55,14.66,4.04,14,31,434,3000,229.5,2166.67
2,5,1,2,1,36,203,221,243,70,130,148,15.2,149.7,138.4,46,165.3,192,41.3,296.17,358.61,0.011,0.079,0.0956,50,54,15.7,4.08,14,32,448,4083.33,177.5,3000
2,5,1,2,2,35,100,178,236,80,140,158,13.2,151.7,140.6,56,167.3,197,56.95,331.05,460.95,0.0152,0.0883,0.1229,53,60,14.4,3.98,12,29,348,5333.33,217.5,3000
2,5,1,2,3,37,105,181,240,60,120,138,17.2,147.7,136,57.37,149,198.67,45.81,389.95,445.19,0.0122,0.104,0.1187,52,59,15,3.96,13,30,390,3583.33,207,2583.33
2,5,1,3,1,34,231,257,277,91,147,203,77.1,189.4,213.4,51.2,172.67,187.7,31.01,260.63,441.56,0.0083,0.0695,0.1178,49,57,11.7,3.62,13,27,351,3083.33,180,2333.33
2,5,1,3,2,32,115,189,274,81,157,193,79.1,187.4,215.7,45.7,148,178.8,42.84,315.06,428.04,0.0114,0.084,0.1141,53,60,11.4,3.5,13,26,338,2916.67,149.6,2083.33
2,5,1,3,3,33,113,184,270,101,137,213,75.1,191.4,211.9,47.67,135,174.67,25.21,268.74,340.36,0.0067,0.0717,0.0908,51,58,11,3.58,13,27,338,3083.33,171.4,2166.67
2,5,2,1,1,41,105,121,136,53,13,77,2.6,14.6,14,41,133,154.3,77.52,278.94,410.86,0.0207,0.0744,0.1096,52,59,15.1,4.18,14,37,518,4833.33,207,4933.33
2,5,2,1,2,43,85,104,152,63,3,87,0.6,16.6,16.8,47.3,153.3,211.2,67.94,334.36,504.09,0.0181,0.0892,0.1344,52,59,18.3,4.5,15,39,585,5500,246,4041.67
2,5,2,1,3,43,82,101,148,43,23,67,4.6,12.6,12.4,49.67,160,214,85.75,385.88,451.7,0.0229,0.1029,0.1205,55,59,17.7,4.32,15,38,570,5666.67,270,4166.67
2,5,2,2,1,37,154,178,201,50,62,140,4.3,16,19.4,53.3,166.4,181.3,31.84,325.24,527.8,0.0085,0.0867,0.1407,50,56,14.86,4.42,14,31,434,5750,263.5,4666.67
2,5,2,2,2,39,136,153,186,40,72,150,6.3,14,21.5,52.9,160.7,220.3,70.83,443.11,603.18,0.0189,0.1182,0.1608,53,58,17.74,4.26,14,36,504,6916.67,259,5166.67
2,5,2,2,3,41,138,155,189,60,52,130,2.3,18,17.1,63.83,198.67,226,88.35,380.07,524.95,0.0236,0.1014,0.14,50,55,15.26,4.16,13,30,390,4333.33,289,3333.33
2,5,2,3,1,35,165,186,228,43,86,199,6.9,44.4,70.3,66.9,152.3,171.3,46.15,347.56,445.39,0.0123,0.0927,0.1188,53,58,14.6,4.26,14,34,476,4466.67,197,3166.67
2,5,2,3,2,36,171,194,223,53,76,189,4.9,46.4,72.4,46.7,128.3,180,62.42,477.19,578.64,0.0166,0.1273,0.1543,52,59,14,4.12,14,31,434,1966.67,162.8,2600
2,5,2,3,3,37,168,190,219,33,96,209,8.9,42.4,68.2,55.33,155,200.67,42.36,259.88,380.15,0.0113,0.0693,0.1014,52,56,13,3.8,13,28,364,4400,187.1,3066.67
2,5,3,1,1,40,43,200,210,13,45,26,0.5,5.6,44.5,43.7,128,165,78.5,290.04,508.88,0.0209,0.0773,0.1357,52,57,16.7,4.26,15,36,540,5916.67,229,4666.67
2,5,3,1,2,40,52,60,84,17,35,16,2.5,3.6,42.3,54.9,162.5,193.3,59.21,413.58,575.44,0.0158,0.1103,0.1535,52,60,17.5,4.44,16,37,592,6000,268,4333.33
2,5,3,1,3,39,50,63,87,20,55,36,1.5,7.6,46.9,51.7,175.33,206,79.45,460.69,561.15,0.0212,0.1229,0.1496,53,59,17.56,4.28,14,38,532,5333.33,247.5,4166.67
2,5,3,2,1,38,84,92,175,23,48,50,1,9.5,62.4,49.2,181.3,199.7,48.06,312.23,500.57,0.0128,0.0833,0.1335,48,54,16.8,4.14,13,36,468,6666.67,253,5000
2,5,3,2,2,43,60,73,191,33,58,60,2,11.5,60.3,57.3,172,200.7,79.45,396.63,673.59,0.0212,0.1058,0.1796,52,57,19.12,4.78,16,34,544,8750,293,6583.33
2,5,3,2,3,45,62,76,195,13,38,40,3,7.5,58.2,59.33,192,224.67,96.93,370.5,502.11,0.0258,0.0988,0.1339,51,55,15.9,4.18,14,35,490,5083.33,267.5,3716.67
2,5,3,3,1,39,127,148,200,33,114,78,3.2,33.5,80.9,64.5,160.7,191.7,53.75,533.24,620.07,0.0143,0.1422,0.1654,43,56,14.9,4.16,14,31,434,4916.67,189,3333.33
2,5,3,3,2,41,98,121,128,23,124,68,5.2,31.5,78.4,54,175.3,218.5,48.8,436.65,575.29,0.013,0.1164,0.1534,48,56,14.4,3.98,13,32,416,4750,184.5,4316.67
2,5,3,3,3,42,94,118,125,43,104,88,1.2,35.5,82.6,54.67,149,198.67,39.33,289.09,419.45,0.0105,0.0771,0.1119,45,56,14.4,3.48,14,29,406,4750,187.4,3500
2,5,4,1,1,43,17,19,43,5,69,22,0.2,8.7,12.8,47,153.7,175,68.88,340.3,513.52,0.0184,0.0907,0.1369,52,59,17.2,4.42,16,39,624,7666.67,246.5,6083.33
2,5,4,1,2,40,13,13,28,7,59,12,2.2,6.7,14.4,56.7,175.67,207.7,86.34,465.39,483.09,0.023,0.1241,0.1288,53,58,17.4,4.28,16,38,608,6416.67,269.9,5083.33
2,5,4,1,3,40,13,17,30,10,79,32,1.2,10.7,10.6,51.5,157.67,196,90.18,504.22,539.71,0.024,0.1345,0.1439,50,56,16.54,4.36,15,36,540,5416.67,248,4000
2,5,4,2,1,38,6,38,100,30,78,18,1.1,12,17.3,54.7,167,199.3,47.57,500.31,599.1,0.0127,0.1334,0.1598,50,56,15.16,4.16,14,29,406,5516.67,246,4500
2,5,4,2,2,38,28,37,44,40,88,28,3.1,14,19.2,49.7,167.2,196.7,87.31,446.42,572.19,0.0233,0.119,0.1526,52,55,17,4.52,14,37,518,7500,260.5,5583.33
2,5,4,2,3,40,30,40,47,20,68,8,0.1,10,15.4,61.57,179,207.33,90.45,397.8,543.09,0.0241,0.1061,0.1448,47,51,18.6,4.36,14,36,504,7166.67,232,5333.33
2,5,4,3,1,39,10,36,68,39,78,30,3.4,23.7,30.4,55.9,202,205.3,55.45,525.43,613.9,0.0148,0.1401,0.1637,51,58,13.9,4.12,15,32,480,5000,193.5,3666.67
2,5,4,3,2,36,20,28,39,29,68,20,5.4,21.7,28.2,53,170,201,57.32,525.26,634.37,0.0153,0.1401,0.1692,51,55,14.4,3.98,14,34,476,4750,194.4,3333.33
2,5,4,3,3,37,22,29,43,49,88,40,1.4,25.7,32.4,53.33,169.67,217,31.31,308.64,408.38,0.0084,0.0823,0.1089,55,59,14,4,14,33,462,5166.67,200,3833.33
,,,,,,,,,,,,,,,50,148,168.3,,,,,,,,,,,,,,,,
